{"cameraMode":{"drawMode":0,"name":"Shaded","section":"Shading Mode"},"sceneLighting":true,"audioPlay":false,"sceneViewState":{"showFog":true,"showMaterialUpdate":false,"showSkybox":true,"showFlares":true,"showImageEffects":true,"showParticleSystems":true,"showVisualEffectGraphs":true,"m_FxEnabled":true},"in2DMode":false,"pivot":{"x":-2.3315205574035646,"y":-1.6434999704360963,"z":1.5314569473266602},"rotation":{"x":0.17339296638965608,"y":-0.32550525665283205,"z":0.06085633486509323,"w":0.9275386929512024},"size":11.386037826538086,"orthographic":false}