{"cameraMode":{"drawMode":0,"name":"Shaded","section":"Shading Mode"},"sceneLighting":false,"audioPlay":false,"sceneViewState":{"showFog":true,"showMaterialUpdate":false,"showSkybox":false,"showFlares":true,"showImageEffects":true,"showParticleSystems":true,"showVisualEffectGraphs":true,"m_FxEnabled":true},"in2DMode":false,"pivot":{"x":0.1126575767993927,"y":-0.08577631413936615,"z":0.15829896926879884},"rotation":{"x":0.03191424906253815,"y":-0.2535613477230072,"z":0.008374578319489956,"w":0.9667686820030212},"size":1.5550510883331299,"orthographic":false}