{"cameraMode":{"drawMode":0,"name":"Shaded","section":"Shading Mode"},"sceneLighting":true,"audioPlay":false,"sceneViewState":{"showFog":true,"showMaterialUpdate":false,"showSkybox":true,"showFlares":true,"showImageEffects":true,"showParticleSystems":true,"showVisualEffectGraphs":true,"m_FxEnabled":true},"in2DMode":false,"pivot":{"x":6.280198097229004,"y":1.4202693700790406,"z":3.103595018386841},"rotation":{"x":-0.014955725520849228,"y":0.07671186327934265,"z":-0.0011420865776017309,"w":-0.9969509840011597},"size":5.044949054718018,"orthographic":false}